amount,hot_sort,title,url
,,陆军宣传片 地表最强,https://s.weibo.com/weibo?q=%E9%99%86%E5%86%9B%E5%AE%A3%E4%BC%A0%E7%89%87%20%E5%9C%B0%E8%A1%A8%E6%9C%80%E5%BC%BA&Refer=new_time
1336928,1,酒店白床单清洗全过程 ,https://s.weibo.com/weibo?q=%23%E9%85%92%E5%BA%97%E7%99%BD%E5%BA%8A%E5%8D%95%E6%B8%85%E6%B4%97%E5%85%A8%E8%BF%87%E7%A8%8B%23&Refer=top
737646,2,婚庆公司否认承办胡歌婚礼,https://s.weibo.com/weibo?q=%23%E5%A9%9A%E5%BA%86%E5%85%AC%E5%8F%B8%E5%90%A6%E8%AE%A4%E6%89%BF%E5%8A%9E%E8%83%A1%E6%AD%8C%E5%A9%9A%E7%A4%BC%23&Refer=top
728588,3,心愿之路,https://s.weibo.com/weibo?q=%23%E5%BF%83%E6%84%BF%E4%B9%8B%E8%B7%AF%23&Refer=top
722295,4,冷得都紫了 ,https://s.weibo.com/weibo?q=%23%E5%86%B7%E5%BE%97%E9%83%BD%E7%B4%AB%E4%BA%86%23&Refer=top
706631,5,我磕到真的cp了 ,https://s.weibo.com/weibo?q=%23%E6%88%91%E7%A3%95%E5%88%B0%E7%9C%9F%E7%9A%84cp%E4%BA%86%23&Refer=top
668389,6,发型选择性障碍,https://s.weibo.com/weibo?q=%23%E5%8F%91%E5%9E%8B%E9%80%89%E6%8B%A9%E6%80%A7%E9%9A%9C%E7%A2%8D%23&Refer=top
503276,7,2018网络流行梗 ,https://s.weibo.com/weibo?q=%232018%E7%BD%91%E7%BB%9C%E6%B5%81%E8%A1%8C%E6%A2%97%23&Refer=top
377199,8,刘诗诗怀孕后首露面 ,https://s.weibo.com/weibo?q=%23%E5%88%98%E8%AF%97%E8%AF%97%E6%80%80%E5%AD%95%E5%90%8E%E9%A6%96%E9%9C%B2%E9%9D%A2%23&Refer=top
354851,9,大学该不该要生活费,https://s.weibo.com/weibo?q=%23%E5%A4%A7%E5%AD%A6%E8%AF%A5%E4%B8%8D%E8%AF%A5%E8%A6%81%E7%94%9F%E6%B4%BB%E8%B4%B9%23&Refer=top
326163,10,越南翻船事故一名中国公民遇难,https://s.weibo.com/weibo?q=%23%E8%B6%8A%E5%8D%97%E7%BF%BB%E8%88%B9%E4%BA%8B%E6%95%85%E4%B8%80%E5%90%8D%E4%B8%AD%E5%9B%BD%E5%85%AC%E6%B0%91%E9%81%87%E9%9A%BE%23&Refer=top
322015,11,女生有多在乎男生的身高 ,https://s.weibo.com/weibo?q=%23%E5%A5%B3%E7%94%9F%E6%9C%89%E5%A4%9A%E5%9C%A8%E4%B9%8E%E7%94%B7%E7%94%9F%E7%9A%84%E8%BA%AB%E9%AB%98%23&Refer=top
289262,12,蔡依林回应哭了,https://s.weibo.com/weibo?q=%23%E8%94%A1%E4%BE%9D%E6%9E%97%E5%9B%9E%E5%BA%94%E5%93%AD%E4%BA%86%23&Refer=top
248248,13,罗永浩股权被冻结,https://s.weibo.com/weibo?q=%E7%BD%97%E6%B0%B8%E6%B5%A9%E8%82%A1%E6%9D%83%E8%A2%AB%E5%86%BB%E7%BB%93&Refer=top
185626,14,岳云鹏 没有你们不会的 ,https://s.weibo.com/weibo?q=%E5%B2%B3%E4%BA%91%E9%B9%8F%20%E6%B2%A1%E6%9C%89%E4%BD%A0%E4%BB%AC%E4%B8%8D%E4%BC%9A%E7%9A%84&Refer=top
144597,15,男排体罚,https://s.weibo.com/weibo?q=%23%E7%94%B7%E6%8E%92%E4%BD%93%E7%BD%9A%23&Refer=top
140166,16,不想看朋友的分享又不得不看,https://s.weibo.com/weibo?q=%23%E4%B8%8D%E6%83%B3%E7%9C%8B%E6%9C%8B%E5%8F%8B%E7%9A%84%E5%88%86%E4%BA%AB%E5%8F%88%E4%B8%8D%E5%BE%97%E4%B8%8D%E7%9C%8B%23&Refer=top
139947,17,朋友圈转鸡汤被闺蜜拉黑,https://s.weibo.com/weibo?q=%23%E6%9C%8B%E5%8F%8B%E5%9C%88%E8%BD%AC%E9%B8%A1%E6%B1%A4%E8%A2%AB%E9%97%BA%E8%9C%9C%E6%8B%89%E9%BB%91%23&Refer=top
139814,18,和话少的男生谈恋爱,https://s.weibo.com/weibo?q=%23%E5%92%8C%E8%AF%9D%E5%B0%91%E7%9A%84%E7%94%B7%E7%94%9F%E8%B0%88%E6%81%8B%E7%88%B1%23&Refer=top
139281,19,这世界对矮个太残忍,https://s.weibo.com/weibo?q=%23%E8%BF%99%E4%B8%96%E7%95%8C%E5%AF%B9%E7%9F%AE%E4%B8%AA%E5%A4%AA%E6%AE%8B%E5%BF%8D%23&Refer=top
138998,20,8w5,https://s.weibo.com/weibo?q=%238w5%23&Refer=top
138594,21,2018最想撤回的一句话,https://s.weibo.com/weibo?q=%232018%E6%9C%80%E6%83%B3%E6%92%A4%E5%9B%9E%E7%9A%84%E4%B8%80%E5%8F%A5%E8%AF%9D%23&Refer=top
138259,22,代驾身亡车仍在行驶 ,https://s.weibo.com/weibo?q=%23%E4%BB%A3%E9%A9%BE%E8%BA%AB%E4%BA%A1%E8%BD%A6%E4%BB%8D%E5%9C%A8%E8%A1%8C%E9%A9%B6%23&Refer=top
137934,23,卫龙辣条火锅吃出虫子,https://s.weibo.com/weibo?q=%23%E5%8D%AB%E9%BE%99%E8%BE%A3%E6%9D%A1%E7%81%AB%E9%94%85%E5%90%83%E5%87%BA%E8%99%AB%E5%AD%90%23&Refer=top
137920,24,冬天女大学生着装四件套,https://s.weibo.com/weibo?q=%23%E5%86%AC%E5%A4%A9%E5%A5%B3%E5%A4%A7%E5%AD%A6%E7%94%9F%E7%9D%80%E8%A3%85%E5%9B%9B%E4%BB%B6%E5%A5%97%23&Refer=top
127781,25,诺维茨基超越马龙,https://s.weibo.com/weibo?q=%E8%AF%BA%E7%BB%B4%E8%8C%A8%E5%9F%BA%E8%B6%85%E8%B6%8A%E9%A9%AC%E9%BE%99&Refer=top
119210,26,知否 ,https://s.weibo.com/weibo?q=%23%E7%9F%A5%E5%90%A6%23&Refer=top
115669,27,温柔的男生最man,https://s.weibo.com/weibo?q=%23%E6%B8%A9%E6%9F%94%E7%9A%84%E7%94%B7%E7%94%9F%E6%9C%80man%23&Refer=top
104914,28,说唱歌手Lil Pump道歉,https://s.weibo.com/weibo?q=%E8%AF%B4%E5%94%B1%E6%AD%8C%E6%89%8BLil%20Pump%E9%81%93%E6%AD%89&Refer=top
104638,29,天津出租司机吐槽权健,https://s.weibo.com/weibo?q=%E5%A4%A9%E6%B4%A5%E5%87%BA%E7%A7%9F%E5%8F%B8%E6%9C%BA%E5%90%90%E6%A7%BD%E6%9D%83%E5%81%A5&Refer=top
103165,30,罗斯 MVP,https://s.weibo.com/weibo?q=%E7%BD%97%E6%96%AF%20MVP&Refer=top
94704,31,丁香医生回应揭批权健初衷,https://s.weibo.com/weibo?q=%23%E4%B8%81%E9%A6%99%E5%8C%BB%E7%94%9F%E5%9B%9E%E5%BA%94%E6%8F%AD%E6%89%B9%E6%9D%83%E5%81%A5%E5%88%9D%E8%A1%B7%23&Refer=top
91061,32,章泽天,https://s.weibo.com/weibo?q=%E7%AB%A0%E6%B3%BD%E5%A4%A9&Refer=top
89696,33,成年人没有哭的权利,https://s.weibo.com/weibo?q=%23%E6%88%90%E5%B9%B4%E4%BA%BA%E6%B2%A1%E6%9C%89%E5%93%AD%E7%9A%84%E6%9D%83%E5%88%A9%23&Refer=top
76196,34,权健曾向灾区捐款1亿,https://s.weibo.com/weibo?q=%23%E6%9D%83%E5%81%A5%E6%9B%BE%E5%90%91%E7%81%BE%E5%8C%BA%E6%8D%90%E6%AC%BE1%E4%BA%BF%23&Refer=top
76025,35,林小娘厉害,https://s.weibo.com/weibo?q=%23%E6%9E%97%E5%B0%8F%E5%A8%98%E5%8E%89%E5%AE%B3%23&Refer=top
71372,36,上海地铁四号线,https://s.weibo.com/weibo?q=%23%E4%B8%8A%E6%B5%B7%E5%9C%B0%E9%93%81%E5%9B%9B%E5%8F%B7%E7%BA%BF%23&Refer=top
67708,37,快乐源泉饮酒歌,https://s.weibo.com/weibo?q=%23%E5%BF%AB%E4%B9%90%E6%BA%90%E6%B3%89%E9%A5%AE%E9%85%92%E6%AD%8C%23&Refer=top
64067,38,许静,https://s.weibo.com/weibo?q=%E8%AE%B8%E9%9D%99&Refer=top
63866,39,一个人长大太孤单了,https://s.weibo.com/weibo?q=%23%E4%B8%80%E4%B8%AA%E4%BA%BA%E9%95%BF%E5%A4%A7%E5%A4%AA%E5%AD%A4%E5%8D%95%E4%BA%86%23&Refer=top
58589,40,没有求生欲的男友,https://s.weibo.com/weibo?q=%23%E6%B2%A1%E6%9C%89%E6%B1%82%E7%94%9F%E6%AC%B2%E7%9A%84%E7%94%B7%E5%8F%8B%23&Refer=top
55431,41,90后只想赚钱,https://s.weibo.com/weibo?q=%2390%E5%90%8E%E5%8F%AA%E6%83%B3%E8%B5%9A%E9%92%B1%23&Refer=top
53899,42,气人的沙雕电视剧,https://s.weibo.com/weibo?q=%23%E6%B0%94%E4%BA%BA%E7%9A%84%E6%B2%99%E9%9B%95%E7%94%B5%E8%A7%86%E5%89%A7%23&Refer=top
51991,43,蓝洁瑛,https://s.weibo.com/weibo?q=%23%E8%93%9D%E6%B4%81%E7%91%9B%23&Refer=top
48914,44,詹姆斯核磁共振结果,https://s.weibo.com/weibo?q=%E8%A9%B9%E5%A7%86%E6%96%AF%E6%A0%B8%E7%A3%81%E5%85%B1%E6%8C%AF%E7%BB%93%E6%9E%9C&Refer=top
47190,45,酒后开玛莎拉蒂返校被抓,https://s.weibo.com/weibo?q=%23%E9%85%92%E5%90%8E%E5%BC%80%E7%8E%9B%E8%8E%8E%E6%8B%89%E8%92%82%E8%BF%94%E6%A0%A1%E8%A2%AB%E6%8A%93%23&Refer=top
46484,46,权健鞋垫,https://s.weibo.com/weibo?q=%E6%9D%83%E5%81%A5%E9%9E%8B%E5%9E%AB&Refer=top
46131,47,最美情侣大赛,https://s.weibo.com/weibo?q=%23%E6%9C%80%E7%BE%8E%E6%83%85%E4%BE%A3%E5%A4%A7%E8%B5%9B%23&Refer=top
44917,48,小指托着手机底部 ,https://s.weibo.com/weibo?q=%23%E5%B0%8F%E6%8C%87%E6%89%98%E7%9D%80%E6%89%8B%E6%9C%BA%E5%BA%95%E9%83%A8%23&Refer=top
43327,49,你能接受直男礼物吗,https://s.weibo.com/weibo?q=%23%E4%BD%A0%E8%83%BD%E6%8E%A5%E5%8F%97%E7%9B%B4%E7%94%B7%E7%A4%BC%E7%89%A9%E5%90%97%23&Refer=top
40047,50,中国社会净财富世界第二,https://s.weibo.com/weibo?q=%23%E4%B8%AD%E5%9B%BD%E7%A4%BE%E4%BC%9A%E5%87%80%E8%B4%A2%E5%AF%8C%E4%B8%96%E7%95%8C%E7%AC%AC%E4%BA%8C%23&Refer=top
